algorithm,episodes,final_reward,mean_overall,std_overall,min,max,cumulative_reward,cv_overall
PPO,100,1059.5843505859375,980.141845703125,229.84300231933594,-1244.8106689453125,1059.5843505859375,98014.1875,0.23449973422413498
A2C,100,961.5,-1021.2093505859375,8382.5732421875,-48825.89453125,1072.9154052734375,-102120.9375,-8.208476780375978
SAC,100,-2794.0,-2721.777099609375,40.040931701660156,-2825.89990234375,-2683.0,-272177.71875,-0.014711319199285925
DQN,100,925.5,-764.4221801757812,4042.853759765625,-22897.853515625,997.75,-76442.21875,-5.288770871138195
Rule-based,100,1003.2635498046875,937.748291015625,66.18285369873047,860.2049560546875,1003.2635498046875,93774.828125,0.07057635223952406
